Product,Name,Rating,CommentHead,Comment
samsungs25ultra,Iqbal Ahmed,No Rating,No Comment Heading,"Excellent phone, Display superb. Camera good. Performance fast. Overall satisfied with upgrade to S23 Ultra."
samsungs25ultra,Khairul  Anam,No Rating,No Comment Heading,Excellent Product...I just loved it ❤️
samsungs25ultra,Sourav  Kumar Chanda Singh Gain,No Rating,No Comment Heading,Overall Excellent phone
samsungs25ultra,Raghab Dash,No Rating,No Comment Heading,Nice Mobile
samsungs25ultra,Pavan Kumar,No Rating,No Comment Heading,"25 Ultra, you beauty! 🔥💯"
samsungs25ultra,Saurav Sharma,No Rating,No Comment Heading,Awesome product with best exchange price.
samsungs25ultra,Kartik Sharma,No Rating,No Comment Heading,"Totally worth it, just shifted from an iPhone, was worried that I won't like the interface but no, this phone feels great and very premium in your hands, loved the design and features and the performance it delivers will blow your mind"
samsungs25ultra,Saurabh  Kumar,No Rating,No Comment Heading,"Just one word Beast 💪( all rounder) ,just go for it"
samsungs25ultra,Rupesh Mandal,No Rating,No Comment Heading,Overall great experience.
samsungs25ultra,sk azizul hoque,No Rating,No Comment Heading,Good
samsungs25ultra,No Name,No Rating,No Comment Heading,No Comment
